id,parent_id,document_model_id,name,description,abstract
00fd164f3c2751ac8bcce2005d9def87,,48cbe0573f476664353c7bd681f5f2e6,N_prefixTri_INONDABLE_suffixInond_S_ddd,,
0927339bfcb90267d440de72bb3f7046,,48cbe0573f476664353c7bd681f5f2e6,N_prefixTri_SOUST_INOND_S_ddd,,
12ce7afcddd91e02da87a931d26de819,,48cbe0573f476664353c7bd681f5f2e6,N_prefixTri_TRI_S_ddd,,
1c93299f89733e11721f5f59368113f5,,48cbe0573f476664353c7bd681f5f2e6,N_prefixTri_CARTE_INOND_S_ddd,,
1e9eb4613dfe887561ed205578365eca,,48cbe0573f476664353c7bd681f5f2e6,N_prefixTri_ISO_COTE_L_ddd,,
23b866e90e46cd17417ae75b6b739373,,48cbe0573f476664353c7bd681f5f2e6,N_prefixTri_ENJEU_DCE_S_ddd,,
24f19658e9115aebd42f26015d0be083,,48cbe0573f476664353c7bd681f5f2e6,N_prefixTri_ENJEU_IPPC_P_ddd,,
3338c1f094e0f94f7dc98f75647ed7ee,,48cbe0573f476664353c7bd681f5f2e6,N_prefixTri_ENJEU_STEU_P_ddd,,
3c9f84db8b23dcd12c5dc67ad2ba058b,,48cbe0573f476664353c7bd681f5f2e6,N_prefixTri_ISO_DEB_S_ddd,,
3cf5d5956a2abfd03b1c1c5ba2f9c3e5,,48cbe0573f476664353c7bd681f5f2e6,N_prefixTri_ENJEU_CRISE_P_ddd,,
518fc8dc91df17ae24a3b1d5ac54ef41,,48cbe0573f476664353c7bd681f5f2e6,N_prefixTri_REL_HYDRO_INOND_ddd,,
5766b1fac735d8dd7c97c6a8bb63f602,,48cbe0573f476664353c7bd681f5f2e6,N_prefixTri_ENJEU_PATRIM_S_ddd,,
5f7985ee4fa59c2bff263d4842767bf0,,48cbe0573f476664353c7bd681f5f2e6,N_prefixTri_ENJEU_CRISE_L_ddd,,
84747daadb4789df436360a640561a2c,,48cbe0573f476664353c7bd681f5f2e6,N_prefixTri_QUARTIER_S_ddd,,
9321c3b61c5a53f4850d5f444509bc81,,48cbe0573f476664353c7bd681f5f2e6,N_prefixTri_ENJEU_ECO_S_ddd,,
996359ee255d548fa9430a7bef35a0d4,,48cbe0573f476664353c7bd681f5f2e6,N_prefixTri_SURALEA_S_ddd,,
b56e19847460f58d365aff795def1f1a,,48cbe0573f476664353c7bd681f5f2e6,N_prefixTri_CARTE_RISQ_S_ddd,,
c4bb8ae2f70c4beb5339d5563a342fce,,48cbe0573f476664353c7bd681f5f2e6,N_prefixTri_ENJEU_RAPPORT_ddd,,
c72ad951f5a3377e27cb0af5d3422f12,,48cbe0573f476664353c7bd681f5f2e6,N_prefixTri_ISO_HT_suffixIsoHt_S_ddd,,
c80bf4826fba901705cdc2b2316105cb,,48cbe0573f476664353c7bd681f5f2e6,N_prefixTri_COTE_VIT_DEB_P_ddd,,
d726f1164692223f794e4756dcdfb6e3,,48cbe0573f476664353c7bd681f5f2e6,N_prefixTri_COMMUNE_S_ddd,,
dcde05e656f68e0965d3779d3003a5b6,,48cbe0573f476664353c7bd681f5f2e6,N_prefixTri_ECOUL_S_ddd,,
dcf9971f7202863bca40b622a68d7879,,48cbe0573f476664353c7bd681f5f2e6,N_prefixTri_CHAMP_VIT_P_ddd,,
e011004b79cbca638934cd0255e18edc,,48cbe0573f476664353c7bd681f5f2e6,N_prefixTri_OUV_PROTEC_L_ddd,,
f8b3b26a0e14c08f6d3f25a94c47f793,,48cbe0573f476664353c7bd681f5f2e6,N_prefixTri_ENJEU_PATRIM_P_ddd,,
